{
  "greenContacts": {
    "glyphSize": 5.0,
    "textSize": 0.0,
    "selectedColor": [
      0.6470588235294118,
      1.0,
      0.592156862745098
    ],
    "unselectedColor": [
      0.0,
      0.0,
      1.0
    ],
    "activeColor": [
      0.4,
      1.0,
      0.0
    ],
    "glyphType": 6
  }
}